{"IcoMoonType":"selection","icons":[{"icon":{"paths":["M239 653.8l-232-235.6c-9.4-9.4-9.4-24.6 0-34l14.2-14.2c9.4-9.4 24.6-9.4 34 0l200.8 204.6 200.8-204.4c9.4-9.4 24.6-9.4 34 0l14.2 14.2c9.4 9.4 9.4 24.6 0 34l-232 235.6c-9.4 9.2-24.6 9.2-34-0.2z"],"attrs":[{}],"width":512,"isMulticolor":false,"isMulticolor2":false,"grid":0,"tags":["angle-down"]},"attrs":[{}],"properties":{"order":8,"id":9,"name":"angle-down","prevSize":32,"code":59648},"setIdx":0,"setId":2,"iconIdx":0},{"icon":{"paths":["M50.2 495l235.6-232c9.4-9.4 24.6-9.4 34 0l14.2 14.2c9.4 9.4 9.4 24.6 0 34l-204.6 200.8 204.4 200.8c9.4 9.4 9.4 24.6 0 34l-14.2 14.2c-9.4 9.4-24.6 9.4-34 0l-235.6-232c-9.2-9.4-9.2-24.6 0.2-34z"],"attrs":[{}],"width":384,"isMulticolor":false,"isMulticolor2":false,"grid":0,"tags":["angle-left"]},"attrs":[{}],"properties":{"order":9,"id":8,"name":"angle-left","prevSize":32,"code":59649},"setIdx":0,"setId":2,"iconIdx":1},{"icon":{"paths":["M333.8 529l-235.6 232c-9.4 9.4-24.6 9.4-34 0l-14.2-14.2c-9.4-9.4-9.4-24.6 0-34l204.6-200.8-204.4-200.8c-9.4-9.4-9.4-24.6 0-34l14.2-14.2c9.4-9.4 24.6-9.4 34 0l235.6 232c9.2 9.4 9.2 24.6-0.2 34z"],"attrs":[{}],"width":384,"isMulticolor":false,"isMulticolor2":false,"grid":0,"tags":["angle-right"]},"attrs":[{}],"properties":{"order":10,"id":7,"name":"angle-right","prevSize":32,"code":59650},"setIdx":0,"setId":2,"iconIdx":2},{"icon":{"paths":["M273 370.2l232 235.6c9.4 9.4 9.4 24.6 0 34l-14.2 14.2c-9.4 9.4-24.6 9.4-34 0l-200.8-204.6-200.8 204.4c-9.4 9.4-24.6 9.4-34 0l-14.2-14.2c-9.4-9.4-9.4-24.6 0-34l232-235.6c9.4-9.2 24.6-9.2 34 0.2z"],"attrs":[{}],"width":512,"isMulticolor":false,"isMulticolor2":false,"grid":0,"tags":["angle-up"]},"attrs":[{}],"properties":{"order":11,"id":6,"name":"angle-up","prevSize":32,"code":59651},"setIdx":0,"setId":2,"iconIdx":3},{"icon":{"paths":["M62.6 384h514.6c35.6 0 53.4 43 28.2 68.2l-257.2 257.4c-15.6 15.6-41 15.6-56.6 0l-257.2-257.4c-25.2-25.2-7.4-68.2 28.2-68.2z"],"attrs":[{}],"width":640,"isMulticolor":false,"isMulticolor2":false,"grid":0,"tags":["caret-down"]},"attrs":[{}],"properties":{"order":12,"id":5,"name":"caret-down","prevSize":32,"code":59652},"setIdx":0,"setId":2,"iconIdx":4},{"icon":{"paths":["M577.324 704h-514.648c-35.636 0-53.482-43.086-28.284-68.284l257.324-257.324c15.62-15.62 40.948-15.62 56.568 0l257.324 257.324c25.2 25.198 7.352 68.284-28.284 68.284z"],"attrs":[{}],"width":640,"isMulticolor":false,"isMulticolor2":false,"grid":0,"tags":["caret-up"]},"attrs":[{}],"properties":{"order":13,"id":4,"name":"caret-up","prevSize":32,"code":59653},"setIdx":0,"setId":2,"iconIdx":5},{"icon":{"paths":["M344.536 1003.34c-290.596-421.278-344.536-464.514-344.536-619.34 0-212.078 171.922-384 384-384s384 171.922 384 384c0 154.826-53.94 198.062-344.536 619.34-19.070 27.548-59.86 27.546-78.928 0zM384 544c88.366 0 160-71.634 160-160s-71.634-160-160-160-160 71.634-160 160 71.634 160 160 160z"],"attrs":[{}],"width":768,"isMulticolor":false,"isMulticolor2":false,"grid":0,"tags":["location"]},"attrs":[{}],"properties":{"order":14,"id":3,"name":"location","prevSize":32,"code":59654},"setIdx":0,"setId":2,"iconIdx":6},{"icon":{"paths":["M800 448h-48v-144c0-167.6-136.4-304-304-304s-304 136.4-304 304v144h-48c-53 0-96 43-96 96v384c0 53 43 96 96 96h704c53 0 96-43 96-96v-384c0-53-43-96-96-96zM528 784c0 44.2-35.8 80-80 80s-80-35.8-80-80v-96c0-44.2 35.8-80 80-80s80 35.8 80 80v96zM592 448h-288v-144c0-79.4 64.6-144 144-144s144 64.6 144 144v144z"],"attrs":[{}],"width":896,"isMulticolor":false,"isMulticolor2":false,"grid":0,"tags":["lock"]},"attrs":[{}],"properties":{"order":15,"id":2,"name":"lock","prevSize":32,"code":59655},"setIdx":0,"setId":2,"iconIdx":7},{"icon":{"paths":["M1010 885.4l-199.4-199.4c-9-9-21.2-14-34-14h-32.6c55.2-70.6 88-159.4 88-256 0-229.8-186.2-416-416-416s-416 186.2-416 416 186.2 416 416 416c96.6 0 185.4-32.8 256-88v32.6c0 12.8 5 25 14 34l199.4 199.4c18.8 18.8 49.2 18.8 67.8 0l56.6-56.6c18.8-18.8 18.8-49.2 0.2-68zM416 672c-141.4 0-256-114.4-256-256 0-141.4 114.4-256 256-256 141.4 0 256 114.4 256 256 0 141.4-114.4 256-256 256z"],"attrs":[{}],"isMulticolor":false,"isMulticolor2":false,"grid":0,"tags":["search"]},"attrs":[{}],"properties":{"order":16,"id":1,"name":"search","prevSize":32,"code":59656},"setIdx":0,"setId":2,"iconIdx":8},{"icon":{"paths":["M448 512c141.4 0 256-114.6 256-256s-114.6-256-256-256-256 114.6-256 256 114.6 256 256 256zM627.2 576h-33.4c-44.4 20.4-93.8 32-145.8 32s-101.2-11.6-145.8-32h-33.4c-148.4 0-268.8 120.4-268.8 268.8v83.2c0 53 43 96 96 96h704c53 0 96-43 96-96v-83.2c0-148.4-120.4-268.8-268.8-268.8z"],"attrs":[{}],"width":896,"isMulticolor":false,"isMulticolor2":false,"grid":0,"tags":["user"]},"attrs":[{}],"properties":{"order":17,"id":0,"name":"user","prevSize":32,"code":59657},"setIdx":0,"setId":2,"iconIdx":9}],"height":1024,"metadata":{"name":"iconmoon"},"preferences":{"showGlyphs":true,"showQuickUse":true,"showQuickUse2":true,"showSVGs":true,"fontPref":{"prefix":"_","metadata":{"fontFamily":"iconmoon","majorVersion":1,"minorVersion":0},"metrics":{"emSize":1024,"baseline":6.25,"whitespace":50},"embed":false},"imagePref":{"prefix":"icon-","png":true,"useClassSelector":true,"color":0,"bgColor":16777215,"classSelector":".icon"},"historySize":50,"showCodes":true,"gridSize":16}}